STORE_NAME,CATEGORY_ID,PRODUCT_ID,PRODUCT_NAME,PRODUCT_PRICE
Falabella,cat30046,881869312,https://www.falabella.com.ar/falabella-ar/product/881869312/Puff-plegable-38x38x33.5-cm/881869312,Puff plegable 38x38x33.5 cm,1990.0
Falabella,cat30046,881869356,https://www.falabella.com.ar/falabella-ar/product/881869356/Puff-plegable-38x38x33.5-cm/881869356,Puff plegable 38x38x33.5 cm,1990.0
Falabella,cat30046,2894518,https://www.falabella.com.ar/falabella-ar/product/2894518/Sitial-lino-Vintage/2894518,Sitial lino  Vintage,32460.0
Falabella,cat30046,881315912,https://www.falabella.com.ar/falabella-ar/product/881315912/Mesa-de-arrime-Carlock/881315912,Mesa de arrime Carlock,12890.0
Falabella,cat30046,prod6390011,https://www.falabella.com.ar/falabella-ar/product/prod6390011/Sillon-2-cuerpos-chenille-Chesterfield/2810890,Sillón 2 cuerpos chenille Chesterfield,126340.0
Falabella,cat30046,2474760,https://www.falabella.com.ar/falabella-ar/product/2474760/Mesa-de-centro-Doble-plano/2474760,Mesa de centro Doble plano,43290.0
Falabella,cat30046,prod7140027,https://www.falabella.com.ar/falabella-ar/product/prod7140027/Juego-de-living-Orion-3-1-1-cuerpos/4328055,Juego de living Orion 3-1-1 cuerpos,78990.0
Falabella,cat30046,2997513,https://www.falabella.com.ar/falabella-ar/product/2997513/Sillon-Lion-tela-3-cuerpos/2997514,Sillón Lion tela 3 cuerpos,104990.0
Falabella,cat30046,881869283,https://www.falabella.com.ar/falabella-ar/product/881869283/Puff-plegable-38x38x33.5-cm/881869283,Puff plegable 38x38x33.5 cm,1990.0
Falabella,cat30052,3092194,https://www.falabella.com.ar/falabella-ar/product/3092194/Silla-de-comedor-lino-Monserrat/3092194,Silla de comedor lino Monserrat,12990.0
Falabella,cat30052,prod6950021,https://www.falabella.com.ar/falabella-ar/product/prod6950021/Silla-francesa/2474765,Silla francesa,39690.0
Falabella,cat30052,prod6300055,https://www.falabella.com.ar/falabella-ar/product/prod6300055/Mesa-de-comedor-6-puestos-Roma/2631961,Mesa de comedor 6 puestos Roma,19990.0
Falabella,cat30052,2474718,https://www.falabella.com.ar/falabella-ar/product/2474718/Banqueta-regulable/2474718,Banqueta regulable,10810.0
Falabella,cat30052,2474717,https://www.falabella.com.ar/falabella-ar/product/2474717/Banqueta-regulable/2474717,Banqueta regulable,10070.0
Falabella,cat30052,3011318,https://www.falabella.com.ar/falabella-ar/product/3011318/Silla-de-comedor-ecocuero-Xanaes/3011320,Silla de comedor ecocuero Xanaes,6290.0
Falabella,cat30052,2846571,https://www.falabella.com.ar/falabella-ar/product/2846571/Banqueta-Mary-Lou/2846571,Banqueta Mary Lou,13990.0
Falabella,cat2830001,prod6900024,https://www.falabella.com.ar/falabella-ar/product/prod6900024/Juego-de-jardin-Miami-5-piezas/3321414,Juego de jardín Miami 5 piezas,28899.0
Falabella,cat2830001,881870680,https://www.falabella.com.ar/falabella-ar/product/881870680/Silla-de-terraza-Casa-blanca/881870680,Silla de terraza Casa blanca,41580.0
Falabella,cat2830001,881336809,https://www.falabella.com.ar/falabella-ar/product/881336809/Silla-Kretes/881336809,Silla Kretes,40280.0
Falabella,cat2830001,881888764,https://www.falabella.com.ar/falabella-ar/product/881888764/Hamaca-Outdoor-100x200cm/881888764,Hamaca Outdoor 100x200cm,2490.0
